{
"作者":"张弘",
"站名":"厂长资源",
"主页url":"https://www.czspp.com/",
"数组":"<li>&&</li>",
"图片":"data-original=\"&&\"",
"标题":"alt=\"&&\"",
"链接":"href=\"&&\"",
"副标题":"span>&&</span>",
"搜索模式":"1",
"搜索url":"/xssearch?q={wd}&f=_all&p={pg}",
"搜索数组":"<li>&&</li>",
"搜索图片":"data-original=\"&&\"",
"搜索标题":"alt=\"&&\"",
"搜索副标题":"jidi\"><span>&&</span>",
"搜索链接":"href=\"&&\"",
"影片年代":"年份：&&</li>",
"影片地区":"地区：&&</li>",
"影片类型":"类型：&&</li>",
"导演":"导演：&&</li>",
"主演":"主演：&&</li>",
"简介":"<p>&&</p>",
"线路数组":"<div class=\"mi_paly_box\">&&</div>",
"线路标题":"<span>&&</span>[替换:在线观看>>播放列表]",
"播放数组":"<div class=\"paly_list_btn\">&&</div>",
"播放列表":"<a&&/a>",
"播放标题":">&&<[替换:立即播放>>空]",
"播放链接":"href=\"&&\"",
"分类":"站长推荐&电影&电视剧&动画&国产剧&日剧&韩剧&美剧&海外剧&俄罗斯电影&加拿大电影&华语电影&印度电影&日本电影&欧美电影&法国电影&英国电影&韩国电影",
"分类值":"zhanchangtuijian&dyy&dianshiju&dohua&guochanju&rj&hj&mj&hwj&eluosidianying&jianadadianying&huayudianying&yindudianying&ribendianying&meiguodianying&faguodianying&yingguodianying&hanguodianying",
"分类url":"https://www.czspp.com/movie_bt/{class}/movie_bt_series/{cateId}/page/{catePg}",
"筛选":{
"dyy":[
{
"key":"class",
"name":"剧情",
"value":[
{"n":"全部","v":""},
{"n":"传记","v":"movie_bt_tags/chuanji"},
{"n":"儿童","v":"movie_bt_tags/etet"},
{"n":"冒险","v":"movie_bt_tags/maoxian"},
{"n":"剧情","v":"movie_bt_tags/juqing"},
{"n":"动作","v":"movie_bt_tags/dozuo"},
{"n":"动漫","v":"movie_bt_tags/doman"},
{"n":"动画","v":"movie_bt_tags/dhh"},
{"n":"历史","v":"movie_bt_tags/lishi"},
{"n":"古装","v":"movie_bt_tags/guzhuang"},
{"n":"同性","v":"movie_bt_tags/tongxing"},
{"n":"喜剧","v":"movie_bt_tags/xiju"},
{"n":"奇幻","v":"movie_bt_tags/qihuan"},
{"n":"家庭","v":"movie_bt_tags/jiating"},
{"n":"恐怖","v":"movie_bt_tags/kubu"},
{"n":"悬疑","v":"movie_bt_tags/xuanyi"},
{"n":"情色","v":"movie_bt_tags/qingse"},
{"n":"惊悚","v":"movie_bt_tags/kingsong"},
{"n":"战争","v":"movie_bt_tags/zhanzhen"},
{"n":"歌舞","v":"movie_bt_tags/gw"},
{"n":"武侠","v":"movie_bt_tags/wuxia"},
{"n":"灾难","v":"movie_bt_tags/zainan"},
{"n":"爱情","v":"movie_bt_tags/aiqing"},
{"n":"犯罪","v":"movie_bt_tags/fanzui"},
{"n":"短片","v":"movie_bt_tags/dp"},
{"n":"科幻","v":"movie_bt_tags/kh"},
{"n":"纪录片","v":"movie_bt_tags/jlpp"},
{"n":"西部","v":"movie_bt_tags/xb"},
{"n":"运动","v":"movie_bt_tags/yd"},
{"n":"音乐","v":"movie_bt_tags/yy"}
]
}
], 
"dianshiju":[
{
"key":"class",
"name":"剧情",
"value":[
{"n":"全部","v":""},
{"n":"传记","v":"movie_bt_tags/chuanji"},
{"n":"儿童","v":"movie_bt_tags/etet"},
{"n":"冒险","v":"movie_bt_tags/maoxian"},
{"n":"剧情","v":"movie_bt_tags/juqing"},
{"n":"动作","v":"movie_bt_tags/dozuo"},
{"n":"动漫","v":"movie_bt_tags/doman"},
{"n":"动画","v":"movie_bt_tags/dhh"},
{"n":"历史","v":"movie_bt_tags/lishi"},
{"n":"古装","v":"movie_bt_tags/guzhuang"},
{"n":"同性","v":"movie_bt_tags/tongxing"},
{"n":"喜剧","v":"movie_bt_tags/xiju"},
{"n":"奇幻","v":"movie_bt_tags/qihuan"},
{"n":"家庭","v":"movie_bt_tags/jiating"},
{"n":"恐怖","v":"movie_bt_tags/kubu"},
{"n":"悬疑","v":"movie_bt_tags/xuanyi"},
{"n":"情色","v":"movie_bt_tags/qingse"},
{"n":"惊悚","v":"movie_bt_tags/kingsong"},
{"n":"战争","v":"movie_bt_tags/zhanzhen"},
{"n":"歌舞","v":"movie_bt_tags/gw"},
{"n":"武侠","v":"movie_bt_tags/wuxia"},
{"n":"灾难","v":"movie_bt_tags/zainan"},
{"n":"爱情","v":"movie_bt_tags/aiqing"},
{"n":"犯罪","v":"movie_bt_tags/fanzui"},
{"n":"短片","v":"movie_bt_tags/dp"},
{"n":"科幻","v":"movie_bt_tags/kh"},
{"n":"纪录片","v":"movie_bt_tags/jlpp"},
{"n":"西部","v":"movie_bt_tags/xb"},
{"n":"运动","v":"movie_bt_tags/yd"},
{"n":"音乐","v":"movie_bt_tags/yy"}
]
}
]
}
}
