{
"站名":"床吧",
"主页url":"https://chuangba20.xyz",
"分类":"国产精品$50#亚洲无码$2#中文字幕$3#美女主播$4#动漫卡通$5#人妻熟女$42#重口味$43#三级伦理$44#精选口爆$54#精品亚洲$53#亚洲有码$47#欧美情色$48#同性同志$52#91大神$51#精品欧美$55#AV解说$56",  
  "数组": "class=\"video\">&&</div>",
  "图片": "src=\"&&\"",
  "标题": "title=\"&&\"",
  "链接": "href=\"&&\"",
  "播放数组": "class=\"panel-body panel-padding\">&&</div>",
  "播放列表": "class=\"pic\">&&</a>",
  "播放标题": "title=\"&&\"",
  "播放链接": "href=\"&&\"",
"分类url":"https://chuangba20.xyz/index.php/vod/type/id/{cateId}/page/{catePg}.html"
}