{
"站名":"床吧搜索",
"主页url":"https://chuangba20.xyz",
"分类":"一区$1#二区$2#三区$3#四区$4",  
  "数组": "class=\"video\">&&</div>",
  "图片": "src=\"&&\"",
  "标题": "title=\"&&\"",
  "链接": "href=\"&&\"",
  "播放数组": "class=\"panel-body panel-padding\">&&</div>",
  "播放列表": "class=\"pic\">&&</a>",
  "播放标题": "title=\"&&\"",
  "播放链接": "href=\"&&\"",
"分类url":"https://chuangba20.xyz/index.php/vod/search/page/{catePg}/wd/{wd}.html",
"筛选":
{
"1":[
{
"key":"wd",
"name":"",
"value":[
{"n":"全部","v":""},
{"n":"探花","v":"探花"},
{"n":"抖音","v":"抖音"},
{"n":"网爆门","v":"网爆门"},
{"n":"麻豆","v":"麻豆"},
{"n":"91","v":"91"},
{"n":"韩国","v":"韩国"},
{"n":"自拍","v":"自拍"},
{"n":"偷拍","v":"偷拍"},
{"n":"情侣","v":"情侣"},
{"n":"内射","v":"内射"},
{"n":"空姐","v":"空姐"},
{"n":"模特","v":"模特"},
{"n":"护士","v":"护士"},
{"n":"处女","v":"处女"},
{"n":"丝袜","v":"丝袜"},
{"n":"双飞","v":"双飞"}
]
},
{
"key":"wd",
"name":"",
"value":[
{"n":"强奸","v":"强奸"},
{"n":"迷奸","v":"迷奸"},
{"n":"巨乳","v":"巨乳"},
{"n":"制服","v":"制服"},
{"n":"外卖","v":"外卖"},
{"n":"吹箫","v":"吹箫"},
{"n":"淫乱","v":"淫乱"},
{"n":"高潮","v":"高潮"},
{"n":"虐待","v":"虐待"},
{"n":"剧情","v":"剧情"},
{"n":"网红","v":"网红"},
{"n":"日本","v":"日本"},
{"n":"肛交","v":"肛交"},
{"n":"口交","v":"口交"},
{"n":"足交","v":"足交"},
{"n":"无码","v":"无码"},
{"n":"动漫","v":"动漫"}
]
},
{
"key":"wd",
"name":"",
"value":[
{"n":"3P","v":"3P"},
{"n":"SM","v":"SM"},
{"n":"另类","v":"另类"},
{"n":"同事","v":"同事"},
{"n":"素人","v":"素人"},
{"n":"少妇","v":"少妇"},
{"n":"大奶","v":"大奶"},
{"n":"直播","v":"直播"},
{"n":"主播","v":"主播"},
{"n":"嫩妹","v":"嫩妹"},
{"n":"学妹","v":"学妹"},
{"n":"COS","v":"COS"},
{"n":"约炮","v":"约炮"},
{"n":"无套","v":"无套"},
{"n":"后入","v":"后入"},
{"n":"尤物","v":"尤物"},
{"n":"嫩逼","v":"嫩逼"}
]
},
{
"key":"wd",
"name":"",
"value":[
{"n":"美腿","v":"美腿"},
{"n":"高跟","v":"高跟"},
{"n":"搭讪","v":"搭讪"},
{"n":"萝莉","v":"萝莉"},
{"n":"乱伦","v":"乱伦"},
{"n":"金发","v":"金发"},
{"n":"御姐","v":"御姐"},
{"n":"偷情","v":"偷情"},
{"n":"乳交","v":"乳交"},
{"n":"下药","v":"下药"},
{"n":"自慰","v":"自慰"},
{"n":"做爱","v":"做爱"},
{"n":"援交","v":"援交"},
{"n":"爆乳","v":"爆乳"}
]
}
],
"2":[
{
"key":"wd",
"name":"",
"value":[
{"n":"全部","v":""},
{"n":"一本道","v":"一本道"},
{"n":"上司","v":"上司"},
{"n":"学生","v":"学生"},
{"n":"野外","v":"野外"},
{"n":"萌妹","v":"萌妹"},
{"n":"摄像头","v":"摄像头"},
{"n":"丰满","v":"丰满"},
{"n":"露脸","v":"露脸"},
{"n":"爆菊","v":"爆菊"},
{"n":"炮友","v":"炮友"},
{"n":"白虎","v":"白虎"},
{"n":"淑女","v":"淑女"},
{"n":"偷看","v":"偷看"},
{"n":"滴蜡","v":"滴蜡"},
{"n":"长腿","v":"长腿"},
{"n":"酒店","v":"酒店"},
{"n":"变态","v":"变态"},
{"n":"性虐","v":"性虐"},
{"n":"抽插","v":"抽插"},
{"n":"外围","v":"外围"}
]
},
{
"key":"wd",
"name":"",
"value":[
{"n":"女神","v":"女神"},
{"n":"白丝","v":"白丝"},
{"n":"黑丝","v":"黑丝"},
{"n":"90后","v":"90后"},
{"n":"会所","v":"会所"},
{"n":"后门","v":"后门"},
{"n":"肥臀","v":"肥臀"},
{"n":"粉嫩","v":"粉嫩"},
{"n":"国语","v":"国语"},
{"n":"厕所","v":"厕所"},
{"n":"一字马","v":"一字马"},
{"n":"办公室","v":"办公室"},
{"n":"连衣裙","v":"连衣裙"},
{"n":"粉木耳","v":"粉木耳"},
{"n":"更衣室","v":"更衣室"},
{"n":"捆绑","v":"捆绑"},
{"n":"迷药","v":"迷药"},
{"n":"泳池","v":"泳池"},
{"n":"推油","v":"推油"},
{"n":"ktv","v":"ktv"},
{"n":"迷晕","v":"迷晕"}
]
},
{
"key":"wd",
"name":"",
"value":[
{"n":"卫生间","v":"卫生间"},
{"n":"大胸","v":"大胸"},
{"n":"调教","v":"调教"},
{"n":"灌醉","v":"灌醉"},
{"n":"嫩模","v":"嫩模"},
{"n":"秘书","v":"秘书"},
{"n":"混血哥","v":"混血哥"},
{"n":"康先生","v":"康先生"},
{"n":"内裤哥","v":"内裤哥"},
{"n":"约哥","v":"约哥"},
{"n":"凤吟鸟唱","v":"凤吟鸟唱"},
{"n":"C仔","v":"C仔"},
{"n":"轻吻","v":"轻吻"},
{"n":"特写","v":"特写"},
{"n":"全裸","v":"全裸"},
{"n":"插b","v":"插b"},
{"n":"极品","v":"极品"},
{"n":"性感","v":"性感"},
{"n":"勾引","v":"勾引"},
{"n":"双穴","v":"双穴"},
{"n":"苗条","v":"苗条"}
]
},
{
"key":"wd",
"name":"",
"value":[
{"n":"闺蜜","v":"闺蜜"},
{"n":"高挑","v":"高挑"},
{"n":"双女","v":"双女"},
{"n":"美少女","v":"美少女"},
{"n":"高中","v":"高中"},
{"n":"大学","v":"大学"},
{"n":"初中","v":"初中"},
{"n":"白嫩","v":"白嫩"},
{"n":"嫩","v":"嫩"},
{"n":"嫩妞","v":"嫩妞"},
{"n":"粉色","v":"粉色"},
{"n":"富二代","v":"富二代"},
{"n":"牛仔裤","v":"牛仔裤"},
{"n":"爆操","v":"爆操"},
{"n":"骚逼","v":"骚逼"},
{"n":"初恋","v":"初恋"},
{"n":"女友","v":"女友"},
{"n":"透明","v":"透明"},
{"n":"诱惑","v":"诱惑"},
{"n":"猛插","v":"猛插"},
{"n":"圣诞","v":"圣诞"}
]
},
{
"key":"wd",
"name":"",
"value":[
{"n":"厨房","v":"厨房"},
{"n":"发情","v":"发情"},
{"n":"宾馆","v":"宾馆"},
{"n":"嫩穴","v":"嫩穴"},
{"n":"妹妹","v":"妹妹"},
{"n":"表妹","v":"表妹"},
{"n":"表姐","v":"表姐"},
{"n":"小姨子","v":"小姨子"},
{"n":"姐夫","v":"姐夫"},
{"n":"沙发","v":"沙发"},
{"n":"翘臀","v":"翘臀"},
{"n":"淫叫","v":"淫叫"},
{"n":"拜金女","v":"拜金女"},
{"n":"多水","v":"多水"},
{"n":"超正","v":"超正"},
{"n":"淫穴","v":"淫穴"},
{"n":"大屌","v":"大屌"},
{"n":"医院","v":"医院"},
{"n":"气质","v":"气质"},
{"n":"长裙","v":"长裙"},
{"n":"短裙","v":"短裙"}
]
},
{
"key":"wd",
"name":"",
"value":[
{"n":"喝酒","v":"喝酒"},
{"n":"大公鸡","v":"大公鸡"},
{"n":"A片","v":"A片"},
{"n":"天使","v":"天使"},
{"n":"啪啪","v":"啪啪"},
{"n":"面具","v":"面具"},
{"n":"骚女","v":"骚女"},
{"n":"淫荡","v":"淫荡"},
{"n":"医生","v":"医生"},
{"n":"宅男","v":"宅男"},
{"n":"病房","v":"病房"},
{"n":"房东","v":"房东"},
{"n":"针孔","v":"针孔"},
{"n":"打炮","v":"打炮"},
{"n":"鲜肉","v":"鲜肉"},
{"n":"家里","v":"家里"},
{"n":"颜值","v":"颜值"},
{"n":"土豪","v":"土豪"},
{"n":"销魂","v":"销魂"},
{"n":"开档","v":"开档"},
{"n":"超美","v":"超美"}
]
},
{
"key":"wd",
"name":"",
"value":[
{"n":"唯美","v":"唯美"},
{"n":"野性","v":"野性"},
{"n":"学院派","v":"学院派"},
{"n":"约操","v":"约操"},
{"n":"约战","v":"约战"},
{"n":"灰丝","v":"灰丝"},
{"n":"白领","v":"白领"},
{"n":"爱液","v":"爱液"},
{"n":"娇嫩","v":"娇嫩"},
{"n":"呻吟","v":"呻吟"},
{"n":"19岁","v":"19岁"},
{"n":"18岁","v":"18岁"},
{"n":"室友","v":"室友"},
{"n":"屁眼","v":"屁眼"},
{"n":"受虐","v":"受虐"},
{"n":"女王","v":"女王"},
{"n":"妹纸","v":"妹纸"},
{"n":"咪咪","v":"咪咪"},
{"n":"很紧","v":"很紧"},
{"n":"插进去","v":"插进去"},
{"n":"小媳妇","v":"小媳妇"}
]
},
{
"key":"wd",
"name":"",
"value":[
{"n":"纹身","v":"纹身"},
{"n":"不雅","v":"不雅"},
{"n":"肤白","v":"肤白"},
{"n":"女孩","v":"女孩"},
{"n":"淫水","v":"淫水"},
{"n":"精油","v":"精油"},
{"n":"淋浴","v":"淋浴"},
{"n":"白富美","v":"白富美"},
{"n":"粉b","v":"粉b"},
{"n":"宝儿","v":"宝儿"},
{"n":"喷潮","v":"喷潮"},
{"n":"狂操","v":"狂操"},
{"n":"特色","v":"特色"},
{"n":"胸大","v":"胸大"},
{"n":"小穴","v":"小穴"},
{"n":"国外","v":"国外"},
{"n":"镜头","v":"镜头"},
{"n":"椅子","v":"椅子"},
{"n":"野鸡","v":"野鸡"},
{"n":"肛门","v":"肛门"},
{"n":"长发","v":"长发"}
]
}
],
"3":[
{
"key":"wd",
"name":"",
"value":[
{"n":"全部","v":""},
{"n":"美眉","v":"美眉"},
{"n":"风骚","v":"风骚"},
{"n":"火辣","v":"火辣"},
{"n":"狠插","v":"狠插"},
{"n":"修女","v":"修女"},
{"n":"痴女","v":"痴女"},
{"n":"韵味","v":"韵味"},
{"n":"舔","v":"舔"},
{"n":"窗户","v":"窗户"},
{"n":"洞洞","v":"洞洞"},
{"n":"水多","v":"水多"},
{"n":"艺校","v":"艺校"},
{"n":"仙女","v":"仙女"},
{"n":"高难度","v":"高难度"},
{"n":"痛","v":"痛"},
{"n":"绝色","v":"绝色"},
{"n":"肉丝","v":"肉丝"},
{"n":"屁屁","v":"屁屁"},
{"n":"湿透","v":"湿透"},
{"n":"互舔","v":"互舔"},
{"n":"欧洲","v":"欧洲"}
]
},
{
"key":"wd",
"name":"",
"value":[
{"n":"非洲","v":"非洲"},
{"n":"乌克兰","v":"乌克兰"},
{"n":"成人","v":"成人"},
{"n":"服务号","v":"服务号"},
{"n":"活好","v":"活好"},
{"n":"舌头","v":"舌头"},
{"n":"班花","v":"班花"},
{"n":"校花","v":"校花"},
{"n":"暗恋","v":"暗恋"},
{"n":"绝世","v":"绝世"},
{"n":"对白","v":"对白"},
{"n":"瑜伽","v":"瑜伽"},
{"n":"健身","v":"健身"},
{"n":"可爱","v":"可爱"},
{"n":"玩弄","v":"玩弄"},
{"n":"奶子","v":"奶子"},
{"n":"内裤","v":"内裤"},
{"n":"冠希","v":"冠希"},
{"n":"乳头","v":"乳头"},
{"n":"强行","v":"强行"},
{"n":"强上","v":"强上"}
]
},
{
"key":"wd",
"name":"",
"value":[
{"n":"施暴","v":"施暴"},
{"n":"录像","v":"录像"},
{"n":"泄露","v":"泄露"},
{"n":"流出","v":"流出"},
{"n":"看片","v":"看片"},
{"n":"帅哥","v":"帅哥"},
{"n":"最新","v":"最新"},
{"n":"公交车","v":"公交车"},
{"n":"骑乘","v":"骑乘"},
{"n":"女上","v":"女上"},
{"n":"迷人","v":"迷人"},
{"n":"强暴","v":"强暴"},
{"n":"乱轮","v":"乱轮"},
{"n":"公公","v":"公公"},
{"n":"别墅","v":"别墅"},
{"n":"猛男","v":"猛男"},
{"n":"母狗","v":"母狗"},
{"n":"换妻","v":"换妻"},
{"n":"荡妇","v":"荡妇"},
{"n":"公司","v":"公司"},
{"n":"桌子","v":"桌子"}
]
},
{
"key":"wd",
"name":"",
"value":[
{"n":"S级","v":"S级"},
{"n":"微胖","v":"微胖"},
{"n":"神乳","v":"神乳"},
{"n":"眼镜","v":"眼镜"},
{"n":"肥逼","v":"肥逼"},
{"n":"白浆","v":"白浆"},
{"n":"约啪","v":"约啪"},
{"n":"大三","v":"大三"},
{"n":"精灵","v":"精灵"},
{"n":"主动","v":"主动"},
{"n":"破处","v":"破处"},
{"n":"女主","v":"女主"},
{"n":"处男","v":"处男"},
{"n":"裸体","v":"裸体"},
{"n":"女警","v":"女警"},
{"n":"凌辱","v":"凌辱"},
{"n":"惨","v":"惨"},
{"n":"侵犯","v":"侵犯"},
{"n":"女仆","v":"女仆"},
{"n":"网袜","v":"网袜"},
{"n":"导师","v":"导师"}
]
},
{
"key":"wd",
"name":"",
"value":[
{"n":"纤细","v":"纤细"},
{"n":"清纯","v":"清纯"},
{"n":"小姐","v":"小姐"},
{"n":"菊花","v":"菊花"},
{"n":"求饶","v":"求饶"},
{"n":"洗手间","v":"洗手间"},
{"n":"打电话","v":"打电话"},
{"n":"浴场","v":"浴场"},
{"n":"嫖妓","v":"嫖妓"},
{"n":"旅馆","v":"旅馆"},
{"n":"正妹","v":"正妹"},
{"n":"紧身","v":"紧身"},
{"n":"白皙","v":"白皙"},
{"n":"老婆","v":"老婆"},
{"n":"中出","v":"中出"},
{"n":"女模","v":"女模"},
{"n":"按摩","v":"按摩"},
{"n":"阴道","v":"阴道"},
{"n":"S級","v":"S級"},
{"n":"两男","v":"两男"},
{"n":"婴儿肥","v":"婴儿肥"}
]
},
{
"key":"wd",
"name":"",
"value":[
{"n":"听话","v":"听话"},
{"n":"歌厅","v":"歌厅"},
{"n":"夜店","v":"夜店"},
{"n":"乳晕","v":"乳晕"},
{"n":"多男","v":"多男"},
{"n":"短发","v":"短发"},
{"n":"粉丝","v":"粉丝"},
{"n":"撸管","v":"撸管"},
{"n":"推荐","v":"推荐"},
{"n":"湿润","v":"湿润"},
{"n":"好硬","v":"好硬"},
{"n":"轮草","v":"轮草"},
{"n":"快手","v":"快手"},
{"n":"叫声","v":"叫声"},
{"n":"手机","v":"手机"},
{"n":"拍摄","v":"拍摄"},
{"n":"海滩","v":"海滩"},
{"n":"沙滩","v":"沙滩"},
{"n":"奴隶","v":"奴隶"},
{"n":"惩罚","v":"惩罚"},
{"n":"精液","v":"精液"}
]
},
{
"key":"wd",
"name":"",
"value":[
{"n":"干醒","v":"干醒"},
{"n":"午睡","v":"午睡"},
{"n":"大鸡巴","v":"大鸡巴"},
{"n":"嫂子","v":"嫂子"},
{"n":"上位","v":"上位"},
{"n":"公园","v":"公园"},
{"n":"上班","v":"上班"},
{"n":"强迫","v":"强迫"},
{"n":"男友","v":"男友"},
{"n":"甜蜜","v":"甜蜜"},
{"n":"温柔","v":"温柔"},
{"n":"摄影师","v":"摄影师"},
{"n":"暴力","v":"暴力"},
{"n":"撕烂","v":"撕烂"},
{"n":"日逼","v":"日逼"},
{"n":"女星","v":"女星"},
{"n":"卖淫","v":"卖淫"},
{"n":"夜班","v":"夜班"},
{"n":"尾随","v":"尾随"},
{"n":"色狼","v":"色狼"},
{"n":"痴汉","v":"痴汉"}
]
},
{
"key":"wd",
"name":"",
"value":[
{"n":"哭","v":"哭"},
{"n":"偶遇","v":"偶遇"},
{"n":"豹纹","v":"豹纹"},
{"n":"内内","v":"内内"},
{"n":"美艳","v":"美艳"},
{"n":"跳舞","v":"跳舞"},
{"n":"舞蹈","v":"舞蹈"},
{"n":"大屁股","v":"大屁股"},
{"n":"白屁股","v":"白屁股"},
{"n":"美貌","v":"美貌"},
{"n":"邻居","v":"邻居"},
{"n":"病人","v":"病人"},
{"n":"下班","v":"下班"},
{"n":"爱妻","v":"爱妻"},
{"n":"内入","v":"内入"},
{"n":"猥琐","v":"猥琐"},
{"n":"口活","v":"口活"},
{"n":"婚礼","v":"婚礼"},
{"n":"高价","v":"高价"},
{"n":"导演","v":"导演"},
{"n":"网友","v":"网友"}
]
}
],
"4":[
{
"key":"wd",
"name":"",
"value":[
{"n":"全部","v":""},
{"n":"前后","v":"前后"},
{"n":"皮鞭","v":"皮鞭"},
{"n":"绳子","v":"绳子"},
{"n":"美臀","v":"美臀"},
{"n":"禽兽","v":"禽兽"},
{"n":"灌倒","v":"灌倒"},
{"n":"狗链","v":"狗链"},
{"n":"主妇","v":"主妇"},
{"n":"美鲍","v":"美鲍"},
{"n":"偷约","v":"偷约"},
{"n":"技师","v":"技师"},
{"n":"美人","v":"美人"},
{"n":"未成年","v":"未成年"},
{"n":"包臀裙","v":"包臀裙"},
{"n":"无毛","v":"无毛"},
{"n":"教室","v":"教室"},
{"n":"清秀","v":"清秀"},
{"n":"流血","v":"流血"},
{"n":"酒窝","v":"酒窝"},
{"n":"十八","v":"十八"},
{"n":"体育","v":"体育"}
]
},
{
"key":"wd",
"name":"",
"value":[
{"n":"细嫩","v":"细嫩"},
{"n":"馒头b","v":"馒头b"},
{"n":"一线天","v":"一线天"},
{"n":"粉鲍","v":"粉鲍"},
{"n":"嫩鲍","v":"嫩鲍"},
{"n":"豪乳","v":"豪乳"},
{"n":"娃娃音","v":"娃娃音"},
{"n":"粉穴","v":"粉穴"},
{"n":"口爆","v":"口爆"},
{"n":"甜美","v":"甜美"},
{"n":"乳房","v":"乳房"},
{"n":"后妈","v":"后妈"},
{"n":"黄头发","v":"黄头发"},
{"n":"约会","v":"约会"},
{"n":"校长","v":"校长"},
{"n":"主任","v":"主任"},
{"n":"尖叫","v":"尖叫"},
{"n":"留学生","v":"留学生"},
{"n":"套路","v":"套路"},
{"n":"姐妹花","v":"姐妹花"}
]
},
{
"key":"wd",
"name":"",
"value":[
{"n":"吃j8","v":"吃j8"},
{"n":"尿尿","v":"尿尿"},
{"n":"小三","v":"小三"},
{"n":"良家","v":"良家"},
{"n":"人美","v":"人美"},
{"n":"裸女","v":"裸女"},
{"n":"强插","v":"强插"},
{"n":"00后","v":"00后"},
{"n":"嫩b","v":"嫩b"},
{"n":"美穴","v":"美穴"},
{"n":"水晶棒","v":"水晶棒"},
{"n":"影星","v":"影星"},
{"n":"娴熟","v":"娴熟"},
{"n":"深喉","v":"深喉"},
{"n":"马尾","v":"马尾"},
{"n":"和服","v":"和服"},
{"n":"大神","v":"大神"},
{"n":"男优","v":"男优"},
{"n":"女优","v":"女优"},
{"n":"台湾","v":"台湾"},
{"n":"新婚","v":"新婚"}
]
},
{
"key":"wd",
"name":"",
"value":[
{"n":"婚纱","v":"婚纱"},
{"n":"新娘","v":"新娘"},
{"n":"跳蛋","v":"跳蛋"},
{"n":"诱奸","v":"诱奸"},
{"n":"挤奶","v":"挤奶"},
{"n":"大波","v":"大波"},
{"n":"嗲","v":"嗲"},
{"n":"童颜","v":"童颜"},
{"n":"出差","v":"出差"},
{"n":"小蛮腰","v":"小蛮腰"},
{"n":"钢管舞","v":"钢管舞"},
{"n":"骨感","v":"骨感"},
{"n":"约拍","v":"约拍"},
{"n":"约草","v":"约草"},
{"n":"私教","v":"私教"},
{"n":"上门","v":"上门"},
{"n":"羞涩","v":"羞涩"},
{"n":"野模","v":"野模"},
{"n":"车模","v":"车模"},
{"n":"酒吧","v":"酒吧"},
{"n":"兼职","v":"兼职"}
]
},
{
"key":"wd",
"name":"",
"value":[
{"n":"包房","v":"包房"},
{"n":"吞精","v":"吞精"},
{"n":"水滴","v":"水滴"},
{"n":"富婆","v":"富婆"},
{"n":"押尾猫","v":"押尾猫"},
{"n":"小岛酱","v":"小岛酱"},
{"n":"萌白酱","v":"萌白酱"},
{"n":"范范","v":"范范"},
{"n":"毛婷","v":"毛婷"},
{"n":"艾栗栗","v":"艾栗栗"},
{"n":"刘玥","v":"刘玥"},
{"n":"汤不热","v":"汤不热"},
{"n":"康爱福","v":"康爱福"}
]
}
]
}
}