{
"站名":"聚优直播",
"主页url":"https://www.juyouzb.vip/",
"直接播放":"1",

"链接前缀":"https://www.juyouzb.vip",
"副标题":"<div class=\"duration\">&&</div>",
"分类":"亚洲直播$yzzb/zb/gwzb#欧美直播$yzzb/zb/omzb#聚优直播$xxj",
"分类url":"https://www.juyouzb.vip/?ju={cateId}/zb/{class}.html",

"筛选":{
"xxj":[
{
"key":"class",
"name":"",
"value":[
{"n":"卡哇伊直播","v":"kwy"},
{"n":"咪狐直播","v":"mh"},
{"n":"蜜桃直播","v":"mt"},
{"n":"小妲己直播","v":"xdj"},
{"n":"LOVE直播","v":"love"},
{"n":"番茄直播","v":"fq"},
{"n":"77直播","v":"qq"},
{"n":"依依直播","v":"yy"},
{"n":"日出直播","v":"rc"},
{"n":"彩虹直播","v":"ch"},
{"n":"久久直播","v":"jj"}
]
},
{
"key":"class",
"name":"",
"value":[
{"n":"亚米直播","v":"ym"},
{"n":"恋蝶直播","v":"ld"},
{"n":"夜妖姬直播","v":"yyj"},
{"n":"套路直播","v":"tl"},
{"n":"樱花直播","v":"yh"},
{"n":"享色直播","v":"xs"},
{"n":"红浪漫直播","v":"hlm"},
{"n":"金鱼直播","v":"jy"},
{"n":"桃花直播","v":"th"},
{"n":"花房直播","v":"hf"},
{"n":"小仙女直播","v":"xxn"}
]
},
{
"key":"class",
"name":"",
"value":[
{"n":"视觉秀直播","v":"sjx"},
{"n":"小天使直播","v":"xts"},
{"n":"彩云直播","v":"cy"},
{"n":"咪咪直播","v":"mm"},
{"n":"娇媚直播","v":"jm"},
{"n":"黄瓜直播","v":"hg"},
{"n":"色趣直播","v":"sq"},
{"n":"糯米直播","v":"nm"},
{"n":"小蜜蜂直播","v":"xmf"},
{"n":"小红帽直播","v":"xhm"},
{"n":"桃花运直播","v":"thy"}
]
},
{
"key":"class",
"name":"",
"value":[
{"n":"苦瓜直播","v":"kg"},
{"n":"爱爱你直播","v":"aan"},
{"n":"樱花雨直播","v":"yh"},
{"n":"盘他直播","v":"pt"},
{"n":"夜色直播","v":"ys"},
{"n":"蝴蝶直播","v":"hd"},
{"n":"小天仙直播","v":"xtx"},
{"n":"杏趣直播","v":"xq"},
{"n":"小坏蛋直播","v":"xhd"},
{"n":"飘雪直播","v":"px"},
{"n":"樱桃直播","v":"yt"}
]
},
{
"key":"class",
"name":"",
"value":[
{"n":"奥斯卡直播","v":"ask"},
{"n":"兔女郎直播","v":"tnl"},
{"n":"花仙子直播","v":"hxz"},
{"n":"小性感直播","v":"xxg"},
{"n":"蓝月亮直播","v":"lyl"},
{"n":"名流直播","v":"ml"},
{"n":"情趣直播","v":"qqu"},
{"n":"牵手直播","v":"qs"},
{"n":"蚊香社直播","v":"wxs"},
{"n":"杏播直播","v":"xb"},
{"n":"喜欢你直播","v":"xhn"}
]
},
{
"key":"class",
"name":"",
"value":[
{"n":"小辣椒直播","v":"xlj"},
{"n":"小精灵直播","v":"xjl"},
{"n":"小棉袄直播","v":"xma"}
]
}
]
}
}

