{
  "classes": [
    {      "type_name": "搞笑",          "type_id": "搞笑"         },
    {      "type_name": "鬼畜",          "type_id": "鬼畜"         }, 
        { "type_name": "动物世界",      "type_id": "动物世界"     },
      {      "type_name": "相声小品",      "type_id": "相声小品"     },
	  {
      "type_name": "百家讲坛",
      "type_id": "百家讲坛"
    },
	  {
      "type_name": "电影解说",
      "type_id": "电影解说"
    },
	  {
			"type_name":"4K资源",
			"type_id":"4K"
		},
		{
			"type_name":"8K资源",
			"type_id":"8K"
		}
    
	],
	"filter": {
    "搞笑": [
      {
        "key": "duration",
        "name": "时长",
        "value": [
          {            "n": "全部",                  "v": "0"          },
          {            "n": "60分钟以上",            "v": "4"          },
          {            "n": "30~60分钟",             "v": "3"          },
          {            "n": "10~30分钟",             "v": "2"          },
          {            "n": "10分钟以下",            "v": "1"          }
        ]
      }
    ],
	
		
    "相声小品": [
      {
        "key": "tid",
        "name": "分类",
        "value": [
          {            "n": "全部",               "v": "相声小品"       },
          {            "n": "单口相声",            "v": "单口相声"      },
          {            "n": "群口相声",            "v": "群口相声"      },
          {            "n": "德云社",            "v": "德云社"          },
          {            "n": "青曲社",            "v": "青曲社"          },
          {            "n": "郭德纲",            "v": "郭德纲"          },
          {            "n": "岳云鹏",            "v": "岳云鹏"          },
          {            "n": "曹云金",            "v": "曹云金"          },
          {            "n": "评书",              "v": "评书"            },
          {            "n": "小曲",             "v": "小曲"             },
          {            "n": "二人转",            "v": "二人转"          },
          {            "n": "春晚小品",          "v": "春晚小品"        },
          {            "n": "赵本山",            "v": "赵本山"          },
          {            "n": "陈佩斯",            "v": "陈佩斯"          },
          {            "n": "冯巩",              "v": "冯巩"            },
          {            "n": "宋小宝",            "v": "宋小宝"          },
          {            "n": "赵丽蓉",            "v": "赵丽蓉"          },
          {            "n": "郭达",              "v": "郭达"            },
          {            "n": "潘长江",            "v": "潘长江"          },
          {            "n": "郭冬临",            "v": "郭冬临"          },
          {            "n": "严顺开",            "v": "严顺开"          },
          {            "n": "文松",             "v": "文松"             },
          {            "n": "开心麻花",            "v": "开心麻花"      },
          {            "n": "屌丝男士",            "v": "屌丝男士"      },
          {            "n": "喜剧综艺",            "v": "喜剧综艺"      }
        ]
      },

      {
        "key": "duration",
        "name": "时长",
        "value": [
          {            "n": "全部",                  "v": "0"          },
          {            "n": "60分钟以上",            "v": "4"          },
          {            "n": "30~60分钟",             "v": "3"          },
          {            "n": "10~30分钟",             "v": "2"          },
          {            "n": "10分钟以下",            "v": "1"          }
        ]
      }
    ],

	"动物世界": [
      {
        "key": "duration",
        "name": "时长",
        "value": [
          {            "n": "全部",                  "v": "0"          },
          {            "n": "60分钟以上",            "v": "4"          },
          {            "n": "30~60分钟",             "v": "3"          },
          {            "n": "10~30分钟",             "v": "2"          },
          {            "n": "10分钟以下",            "v": "1"          }
          ]
      }
    ]
  }
}
